Cruise,Leg,Gear,Station,Date,Time In (Local),Time Out of Water,Lat In,Lon In,Flowmeter 1 Start,Flowmeter 2 Start,Flowmeter 1 End,Flowmeter 2 End,Tow-yo Count,Max Depth
SE2303,1,6' IKMT,1,230723,2227,2044,20 04.244,-157 15.54,0,0,33291,24001,1,23
SE2303,1,6' IKMT,2,230724,1911,1947,18 59.2859,-155 58.2525,0,0,107205,219850,2,70m first tow yo (32 m second towyo)
SE2303,1,6' IKMT,3,230724,2233,2301,18 56.714,-155 57.8283,0,0,60610,173132,3,55m (all three tow yos went ~50 m)
SE2303,1,6' IKMT,4,230725,2057,2355,18 44.0271,-158 16.55,0,0,102187,NA,3.25,47
SE2303,1,Bongo,5,230726,1855,1937,19 02.0713,-159 17.6702,0,0,101709,143750,steppd oblique,50
SE2303,2,6' IKMT,6,230806,2319,2351,22 33.38,-161 43.102,0,0,106589,90934,3,46
SE2303,2,6' IKMT,7,230810,2212,2252,27 50.1859,-168 58.4809,0,0,114302,125162,3,42
SE2303,2,6' IKMT,8,230810,2309,2334,27 51.75,-169 02.12,0,0,68643,75335,2,44
SE2303,2,6' IKMT,9,230811,2206,2253,28 32.9353,-171 50.4887,0,0,70691,NA,3,38
SE2303,2,6' IKMT,10,230811,2321,2350,28 34.1971,-171 57.7365,0,0,77164,84381,3,43.5
SE2303,2,6' IKMT,11,230812,2101,2134,29 13.6992,-174 49.59868,0,0,94294,73232,3,45
SE2303,2,6' IKMT,12,230812,2150,2220,29 13.6964,-174 51.0517,0,0,91128,60277,3,40
SE2303,2,6' IKMT,13,230812,2244,2315,29 15.4835,-174 56.4742,0,0,64535,79557,3,48
SE2303,2,6' IKMT,14,230814,2051,2122,29 54.111,-174 19.81,0,0,78107,55257,3,42
SE2303,2,6' IKMT,15,230814,2146,2219,29 57.144,-174 18.553,0,0,73076,87486,3,49
SE2303,2,6' IKMT,16,230814,2239,2314,30 00.352,-174 19.101,0,0,82603,64133,3,50
SE2303,2,6' IKMT,17,230815,2039,2110,30 00.007,-175 51.411,0,0,69954,79285,3,52
SE2303,2,6' IKMT,18,230815,2131,2202,31 02.635,-175 55.108,0,0,88635,70364,3,55
SE2303,2,6' IKMT,19,230815,2234,2307,31 04.103,-175 56.541,0,0,71583,87393,3,52
SE2303,2,6' IKMT,20,230816,2105,2126,31 41.742,-178 46.422,0,0,73097,83152,2.5,48
SE2303,2,6' IKMT,21,230816,2143,2215,31 40.769,-178 46.797,0,0,81908,90896,3,47
SE2303,2,6' IKMT,22,230816,2239,2311,31 39.777,-178 51.262,0,0,78505,90111,3,42
SE2303,2,6' IKMT,23,230817,2104,2144,30 37.542,-177 31.993,0,0,87728,101423,4,59
SE2303,2,6' IKMT,24,230818,2053,2134,30 35.108,-179 22.492,0,0,99606,107882,4,
SE2303,2,6' IKMT,25,230819,2050,2139,30 04.439,179 05.834,0,0,119705,143585,5,44.97
SE2303,2,6' IKMT,26,230820,2039,2121,28 35.16,-178 54.8364,0,0,48803,73671,2,51.7
SE2303,2,6' IKMT,27,230820,2213,2249,28 40.822,-178 51.119,0,0,53133,84032,3,65.7
SE2303,2,6' IKMT,28,230820,2304,2327,28 42.413,-178 47.644,0,0,42450,56056,2,48
SE2303,2,6' IKMT,29,230822,2040,2110,27 58.432,-176 18.033,0,0,53434,82517,3,56
SE2303,2,6' IKMT,30,230822,2126,2208,28 00.288,-176 15.792,0,0,71599,112030,4,51
SE2303,2,6' IKMT,31,230822,2225,2306,28 02.295,-176 12.799,0,0,82510,106297,4,52
SE2303,2,6' IKMT,32,230825,2110,2145,27 27.501,-170 44.405,0,0,73340,80734,3,56
SE2303,2,6' IKMT,33,230825,2201,2240,27 27.04,-170 40.256,0,0,78803,83638,3,54
SE2303,2,6' IKMT,34,230825,2252,2331,27 27.545,-170 36.075,0,0,80906,91593,3,48
SE2303,2,6' IKMT,35,230826,2055,2132,26 43.853,-167 40.507,0,0,86618,87456,4,52
SE2303,2,6' IKMT,36,230826,2148,2229,26 46.126,-167 37.388,0,0,94898,86355,4,50
SE2303,2,6' IKMT,37,230827,2235,2315,26 27.983,-164 46.374,0,0,74002,87405,4,52
SE2303,2,6' IKMT,38,230828,2036,2106,25 23.761,-162 23.145,0,0,63774,68991,3,57
SE2303,2,6' IKMT,39,230828,2118,2147,25 23.123,-162 21.311,0,0,72283,69582,3,51
SE2303,2,6' IKMT,40,230828,2203,2244,25 22.088,-162 19.199,0,0,102159,89162,4,51
SE2303,2,6' IKMT,41,230829,2001,2038,24 03.893,-160 11.48,0,0,72984,69610,3,50
SE2303,2,6' IKMT,42,230829,2112,2147,24 03.092,-160 05.652,0,0,72895,77485,3,51
SE2303,2,6' IKMT,43,230829,2223,2253,24 02.867,-159 59.454,0,0,40692,47772,3,55
SE2303,4,6' IKMT,44,231013,2035,2105,20 32.705,-162 14.768,0,0,47098.7,9033,3,50
SE2303,4,6' IKMT,45,231013,2148,2220,20 34.4216,-162 17.991,0,0,68063.3,5414.2,3,35
SE2303,4,6' IKMT,46,231013,2239,2307,20 34.3532,-162 19.941,0,0,46043,6761.5,3,25
SE2303,4,6' IKMT,47,231015,2029,2103,20 53.8617,-166 35.7749,0,0,10679.6,9837.3,3,40
SE2303,4,6' IKMT,48,231015,2207,2243,21 02.462,-166 26.823,0,0,67525.3,8215.2,3,40
SE2303,4,6' IKMT,49,231015,2256,2331,21 04.34,-166 24.8858,0,0,88660.9,7729,3,40
SE2303,4,6' IKMT,50,231016,2112,2200,22 03.837,-168 04.321,0,0,99701.1,10915.4,3,50
SE2303,4,6' IKMT,51,231016,2222,2306,22 09.00,-168 03.83,0,0,90920.6,9217,3,50
SE2303,4,6' IKMT,52,231017,2111,2149,23 26.8928,-170 16.886,0,0,8780.1,9486.1,3,50
SE2303,4,6' IKMT,53,231017,2220,2225,23 28.262,-170 16.54,0,0,13.2,0.3,Neuston,0
SE2303,4,6' IKMT,54,231020,2050,2112,24 55.358,-173 15.749,0,0,10595.8,11209.4,3,50
SE2303,4,6' IKMT,55,231020,2148,2232,24 56.656,-173 14.83,0,0,29221.3,10718.7,3,50
SE2303,4,6' IKMT,56,231020,2247,2330,24 58.151,-173 12.147,0,0,30467.8,11515.3,3,50
SE2303,4,6' IKMT,57,231021,1932,2012,24 24.58,-171 19.728,0,0,8481,9484.3,3,50
SE2303,4,6' IKMT,58,231021,2042,2125,24 25.450,-171 14.786,0,0,8753.5,8824.3,3,50
SE2303,4,6' IKMT,59,231021,2200,2242,24 25.214,-171 09.906,0,0,0,9743.2,3,50
SE2303,4,6' IKMT,60,231022,2130,2210,23 48.525,-168 14.753,0,0,454.9,NA,3,60
SE2303,4,6ʻ IKMT,61,231024,2046,2128,26 10.391,-172 05.336,0,0,8770.5,9227.8,3,60
SE2303,4,6ʻ IKMT,62,231024,2149,2224,26 09.877,-172 08.153,0,0,8841,8173.1,3,50
SE2303,4,6ʻ IKMT,63,231024,2247,2325,26 09.012,-172 10.0759,0,0,21868.2,11570.8,3,45
SE2303,4,6' IKMT,64,231025,2030,2100,26 43.767,-174 27.855,0,0,7900.2,7985.6,3,40
SE2303,4,6' IKMT,65,231025,2200,2240,26 47.612,-174 20.383,0,0,8460.9,9618.4,3,45
SE2303,4,6' IKMT,66,231025,2245,2308,26 48.705,-174 20.486,0,0,4221,4758.7,NEUSTON,0
SE2303,4,6' IKMT,67,231026,2022,2100,26 51.675,-171 41.201,0,0,10945.9,9928.8,3,60
SE2303,4,6' IKMT,68,231026,2152,2230,26 50.492,-171 33.179,0,0,10821.8,9116.3,3,50
SE2303,4,6' IKMT,69,231026,2235,2305,26 52.243,-171 33.010,0,0,9645,8456,NEUSTON,0
SE2303,4,6' IKMT,70,231017,2011,2245,26 14.208,-169 07.504,0,0,9569.8,9090.7,3,50
SE2303,4,6' IKMT,71,231017,2108,2145,26 15.447,-169 03.579,0,0,10695.8,9523.7,3,50
SE2303,4,6' IKMT,72,231027,2215,2250,26 16.141,-168 58.656,0,0,10148.1,9306.9,3,48
SE2303,4,6' IKMT,73,231027,2300,2315,26 18.348,-168 57.735,0,0,4084.3,3597.4,NEUSTON,0
SE2303,4,6' IKMT,74,231029,530,600,24 02.925,-166 15.837,0,0,10464.7,9591.6,3,50
SE2303,4,6' IKMT,75,231029,611,621,24 02.925,-166 15.837,0,0,2861.9,2480.2,3,10
SE2303,4,6' IKMT,76,231029,2016,2055,23 42.552,-164 43.561,0,0,10622.5,9408.6,3,50
SE2303,4,6' IKMT,77,231029,2115,2152,23 44.410,-164 39.961,0,0,9006,8358.7,3,50
SE2303,4,6' IKMT,78,231029,2211,2248,23 45.311,-164 36.326,0,0,8737,7406.5,3,50
SE2303,4,6' IKMT,79,231029,2249,2316,23 47.558,-164 33.855,0,0,4671.9,4182,5,10
SE2303,4,6' IKMT,80,231030,2053,2130,23 42.397,-161 51.531,0,0,2755,8357.7,3,50
SE2303,4,6' IKMT,81,231030,2149,2225,23 43.012,-161 48.585,0,0,8323.5,7764.6,3,50
SE2303,4,6' IKMT,82,231030,2231,2245,23 44.163,-161 46.616,0,0,2682.9,2417.6,3,10
SE2303,4,6' IKMT,83,231031,2103,2140,22 57.367,-158 48.786,0,0,9076,8144.8,3,50
SE2303,4,6' IKMT,84,231031,2155,2237,22 56.566,-158 50.668,0,0,9370.1,8630,3,50
SE2303,4,6' IKMT,85,231031,2245,2328,22 56.408,-158 52.426,0,0,8610,7631.2,3,50
SE2303,4,6' IKMT,86,231101,2103,2138,22 18.691,-157 38.06,0,0,6983,15696.2,3,50
SE2303,4,6' IKMT,87,231101,2155,2234,22 16.903,-157 36.658,0,0,8401.7,7215.1,3,50
SE2303,4,6' IKMT,88,231101,2251,2330,22 16.444,-157 34.277,0,0,8024.2,6774.2,3,50
